{"name":"22b838da-a041-445f-8d9a-7a9345603ddc","id":"/providers/Microsoft.Flow/flows/22b838da-a041-445f-8d9a-7a9345603ddc","type":"Microsoft.Flow/flows","properties":{"apiId":"/providers/Microsoft.PowerApps/apis/shared_logicflows","displayName":"IDS","definition":{"metadata":{"workflowEntityId":null,"processAdvisorMetadata":null,"flowChargedByPaygo":null,"flowclientsuspensionreason":"None","flowclientsuspensiontime":null,"flowclientsuspensionreasondetails":null,"creator":{"id":"22252b2d-636b-4832-95b5-1217f34c3b5e","type":"User","tenantId":"4b200afe-0032-40dd-ba73-6ae870f1eb2f"},"provisioningMethod":"FromDefinition","failureAlertSubscription":true,"clientLastModifiedTime":"2024-11-28T11:31:33.6862756Z","connectionKeySavedTimeKey":"2024-11-28T11:31:33.6862756Z"},"$schema":"https://schema.management.azure.com/providers/Microsoft.Logic/schemas/2016-06-01/workflowdefinition.json#","contentVersion":"undefined","parameters":{"$authentication":{"defaultValue":{},"type":"SecureObject"},"$connections":{"defaultValue":{},"type":"Object"}},"triggers":{"manual":{"metadata":{"operationMetadataId":"9bb768c6-ec00-4cad-9653-9b90fb169268"},"type":"Request","kind":"Button","inputs":{"schema":{"type":"object","properties":{},"required":[]}}}},"actions":{"Initialize_Morta_View_ID":{"runAfter":{"Initialize_Morta_Table_ID":["Succeeded"]},"metadata":{"operationMetadataId":"d00ee5cd-4f1c-47df-9458-aa036f4feef6"},"type":"InitializeVariable","inputs":{"variables":[{"name":"View ID","type":"string"}]}},"Initialize_IFC_Class":{"runAfter":{"Initialize_Morta_View_ID":["Succeeded"]},"metadata":{"operationMetadataId":"fd13ccf4-1072-494d-9fc0-43c572007a0c"},"type":"InitializeVariable","inputs":{"variables":[{"name":"IFC Class","type":"string","value":"IFC Class"}]}},"Initialize_Facet_Type":{"runAfter":{"Initialize_Predefined_Type":["Succeeded"]},"metadata":{"operationMetadataId":"55f1b5fb-4747-486d-a8e3-3dce7cc06058"},"type":"InitializeVariable","inputs":{"variables":[{"name":"Facet Type","type":"string","value":"Facet Type"}]}},"Initialize_Name":{"runAfter":{"Initialize_Facet_Type":["Succeeded"]},"metadata":{"operationMetadataId":"7b364a2b-d690-4f8b-89b0-2eb7424b3485"},"type":"InitializeVariable","inputs":{"variables":[{"name":"Name","type":"string","value":"Name"}]}},"Initialize_Page":{"runAfter":{"Initialize_ifcVersion":["Succeeded"]},"metadata":{"operationMetadataId":"29503d84-d42f-42ef-bc63-03eeb5714aa0"},"type":"InitializeVariable","inputs":{"variables":[{"name":"Page","type":"integer","value":1}]}},"Initialize_Processed_Rows":{"runAfter":{"Initialize_Page":["Succeeded"]},"metadata":{"operationMetadataId":"0e8b651d-d992-4578-9913-b8b0c41de619"},"type":"InitializeVariable","inputs":{"variables":[{"name":"Number of Processed Rows","type":"integer","value":0}]}},"Do_until":{"actions":{"Increment_Number_of_Processed_Rows":{"runAfter":{"Set_Rows":["Succeeded"]},"metadata":{"operationMetadataId":"cf34f221-2ef9-4bb8-91c9-8af0a33da78f"},"type":"IncrementVariable","inputs":{"name":"Number of Processed Rows","value":"@length(outputs('Get_Table_Rows')?['body/data'])"}},"Set_Rows":{"runAfter":{"Add_Rows_+_Current_Rows":["Succeeded"]},"metadata":{"operationMetadataId":"e212b5af-ab08-4250-9e20-3c811c623046"},"type":"SetVariable","inputs":{"name":"Rows","value":"@outputs('Add_Rows_+_Current_Rows')"}},"Get_Table_Rows":{"metadata":{"operationMetadataId":"93b91bbf-1e86-4e22-b570-040230689184"},"type":"OpenApiConnection","inputs":{"parameters":{"table_id":"@variables('Table ID')","page":"@variables('Page')","size":2500,"filter":"{\"columnName\": \"IDS Export\", \"value\": \"YES\", \"filterType\": \"eq\", \"orGroup\": \"main\"}"},"host":{"apiId":"/providers/Microsoft.PowerApps/apis/shared_morta","connectionName":"shared_morta-2","operationId":"GetTableRows"},"authentication":{"value":"@json(decodeBase64(triggerOutputs().headers['X-MS-APIM-Tokens']))['$ConnectionKey']","type":"Raw"}}},"Increment_Page":{"runAfter":{"Increment_Number_of_Processed_Rows":["Succeeded"]},"metadata":{"operationMetadataId":"62050cc7-cdeb-4afa-9430-963f57373aa0"},"type":"IncrementVariable","inputs":{"name":"Page","value":1}},"Select":{"runAfter":{"Filter_array":["Succeeded"]},"metadata":{"operationMetadataId":"bd1ec735-01aa-4f32-b505-62268615428d"},"type":"Select","inputs":{"from":"@outputs('Filter_array')['body']","select":{"@{variables('IFC Class')}":"@item()['rowData'][variables('IFC Class')]","@{variables('Facet Type')}":"@item()['rowData'][variables('Facet Type')]","@{variables('Name')}":"@item()['rowData'][variables('Name')]","@{variables('Property Set')}":"@item()['rowData'][variables('Property Set')]","@{variables('Predefined Type')}":"@item()['rowData'][variables('Predefined Type')]","@{variables('Value')}":"@item()['rowData'][variables('Value')]","@{variables('System')}":"@item()['rowData'][variables('System')]","@{variables('Data Type')}":"@item()['rowData'][variables('Data Type')]","@{variables('Specification Name')}":"@item()['rowData'][variables('Specification Name')]","@{variables('minOccurs')}":"@item()['rowData'][variables('minOccurs')]","@{variables('maxOccurs')}":"@item()['rowData'][variables('maxOccurs')]","@{variables('ifcVersion')}":"@item()['rowData'][variables('ifcVersion')]","@{variables('Specification Description')}":"@item()['rowData'][variables('Specification Description')]","@{variables('Instructions')}":"@item()['rowData'][variables('Instructions')]","@{variables('Identification')}":"@item()['rowData'][variables('Identification')]"}}},"Add_Rows_+_Current_Rows":{"runAfter":{"Select":["Succeeded"]},"metadata":{"operationMetadataId":"b0461eeb-68d3-4d7c-94be-0409c8293ec0"},"type":"Compose","inputs":"@union(variables('Rows'),body('Select'))"},"Filter_array":{"runAfter":{"Get_Table_Rows":["Succeeded"]},"metadata":{"operationMetadataId":"7eb94f25-d939-4c78-acd7-de8834337afd"},"type":"Query","inputs":{"from":"@outputs('Get_Table_Rows')?['body/data']","where":"@contains(string(item()['rowData']),variables('Data Type'))"}}},"runAfter":{"Initialize_Rows":["Succeeded"]},"expression":"@equals(variables('Number of Processed Rows'),outputs('Get_Table_Rows')?['body/metadata/total'])","limit":{"count":3,"timeout":"PT1H"},"metadata":{"operationMetadataId":"e32dd13a-e353-43da-a675-71853dc02347"},"type":"Until"},"Initialize_Rows":{"runAfter":{"Initialize_Processed_Rows":["Succeeded"]},"metadata":{"operationMetadataId":"3d1a1332-4769-40e8-b7eb-1c046168631d"},"type":"InitializeVariable","inputs":{"variables":[{"name":"Rows","type":"array"}]}},"Get_List_of_IFC_Class":{"runAfter":{"Do_until":["Succeeded"]},"metadata":{"operationMetadataId":"d46e1697-047d-48eb-bf95-919ddc784761"},"type":"Select","inputs":{"from":"@variables('Rows')","select":"@item()[variables('IFC Class')]"}},"Get_List_of_Unique_IFC_Class":{"runAfter":{"Get_List_of_IFC_Class":["Succeeded"]},"metadata":{"operationMetadataId":"cb7a144e-19e7-43b9-941a-f6212a75613f"},"type":"Compose","inputs":"@union(body('Get_List_of_IFC_Class'),body('Get_List_of_IFC_Class'))"},"Loop_Over_IFC_Element_Types":{"foreach":"@outputs('Get_List_of_Unique_IFC_Class')","actions":{"Filter_array_per_IFC_Class":{"metadata":{"operationMetadataId":"95fa4085-3c42-4767-bbd7-9d370dc377f2"},"type":"Query","inputs":{"from":"@variables('Rows')","where":"@equals(item()[variables('IFC Class')],items('Loop_Over_IFC_Element_Types'))"}},"Get_list_of_Predefined_Types":{"runAfter":{"Filter_array_per_IFC_Class":["Succeeded"]},"metadata":{"operationMetadataId":"2c657cd8-7239-4393-97d7-24c7e225ae25"},"type":"Select","inputs":{"from":"@body('Filter_array_per_IFC_Class')","select":"@item()[variables('Predefined Type')]"}},"Get_list_of_unique_Predefined_Types":{"runAfter":{"Get_list_of_Predefined_Types":["Succeeded"]},"metadata":{"operationMetadataId":"5e568a05-4268-470b-9918-ea06489b17e2"},"type":"Compose","inputs":"@union(body('Get_list_of_Predefined_Types'),body('Get_list_of_Predefined_Types'))"},"Loop_over_unique_Predefined_Types":{"foreach":"@outputs('Get_list_of_unique_Predefined_Types')","actions":{"Filter_by_current_Predefined_Type":{"metadata":{"operationMetadataId":"9f623b0f-e4f9-4815-b13f-d434a4764483"},"type":"Query","inputs":{"from":"@body('Filter_array_per_IFC_Class')","where":"@equals(item()[variables('Predefined Type')],items('Loop_over_unique_Predefined_Types'))"}},"Get_List_of_Facet_Type_under_Predefined_Type":{"runAfter":{"Filter_by_current_Predefined_Type":["Succeeded"]},"metadata":{"operationMetadataId":"cd5bc062-713d-487a-8086-542d8e36baa6"},"type":"Select","inputs":{"from":"@body('Filter_by_current_Predefined_Type')","select":"@item()[variables('Facet Type')]"}},"Get_Unique_List_of_Facet_Types_under_Predefined_Type":{"runAfter":{"Get_List_of_Facet_Type_under_Predefined_Type":["Succeeded"]},"metadata":{"operationMetadataId":"ac2573e1-2c82-443e-9000-bf61a67d4b2c"},"type":"Compose","inputs":"@union(body('Get_List_of_Facet_Type_under_Predefined_Type'),body('Get_List_of_Facet_Type_under_Predefined_Type'))"},"Loop_over_unique_groupings":{"foreach":"@outputs('Get_Unique_List_of_Facet_Types_under_Predefined_Type')","actions":{"Filter_by_Facet_Type":{"metadata":{"operationMetadataId":"ab0f44b1-0ac9-4488-af73-cbaf91deeff2"},"type":"Query","inputs":{"from":"@body('Filter_by_current_Predefined_Type')","where":"@equals(item()[variables('Facet Type')],items('Loop_over_unique_groupings'))"}},"Loop_over_filtered_rows":{"foreach":"@body('Filter_by_Facet_Type')","actions":{"Check_type":{"runAfter":{"Condition":["Succeeded"]},"cases":{"Attribute":{"case":"Attribute","actions":{"Append_Attribute":{"metadata":{"operationMetadataId":"cf5a2a59-9235-493d-834b-ed6d330b175b"},"type":"AppendToStringVariable","inputs":{"name":"XML String","value":"@concat('\r\n','             <ids:requirements>\r\n','                 <ids:attribute>\r\n                        <ids:name>\r\n                            <ids:simpleValue>',items('Loop_over_filtered_rows')?[variables('Name')],'</ids:simpleValue>\r\n                        </ids:name>\r\n                        <ids:value>\r\n                            <xs:restriction base=\"xs:string\">\r\n                                <xs:pattern value=\"',items('Loop_over_filtered_rows')?[variables('Value')],'\"/>\r\n                            </xs:restriction>\r\n                        </ids:value>\r\n                    </ids:attribute>\r\n                </ids:requirements>')"}}}},"Classification":{"case":"Classification","actions":{"Append_Classification":{"metadata":{"operationMetadataId":"2e9e8061-a047-4923-94d0-37081da36da3"},"type":"AppendToStringVariable","inputs":{"name":"XML String","value":"@concat('\r\n','         <ids:requirements>\r\n','             <ids:classification>\r\n                    <ids:value>\r\n                        <xs:restriction base=\"xs:string\">\r\n                            <xs:pattern value=\"',items('Loop_over_filtered_rows')?[variables('Value')],'\"/>\r\n                        </xs:restriction>\r\n                    </ids:value>\r\n                    <ids:system>\r\n                        <ids:simpleValue>',items('Loop_over_filtered_rows')?[variables('System')],'</ids:simpleValue>\r\n                    </ids:system>\r\n                </ids:classification>\r\n            </ids:requirements>')"}}}},"Property":{"case":"Property","actions":{"Append_Property":{"metadata":{"operationMetadataId":"b57c5b82-f940-4771-a5f8-03ba699fb593"},"type":"AppendToStringVariable","inputs":{"name":"XML String","value":"@concat('\r\n','             <ids:requirements>\r\n','             <ids:property dataType=\"',items('Loop_over_filtered_rows')?[variables('Data Type')],'\">\r\n                    <ids:propertySet>\r\n                        <ids:simpleValue>',items('Loop_over_filtered_rows')?[variables('Property Set')],'</ids:simpleValue>\r\n                    </ids:propertySet>\r\n                    <ids:baseName>\r\n                        <ids:simpleValue>',items('Loop_over_filtered_rows')?[variables('Name')],'</ids:simpleValue>\r\n                    </ids:baseName>\r\n                    <ids:value>\r\n                        <xs:restriction base=\"xs:string\">\r\n                            <xs:pattern value=\"',items('Loop_over_filtered_rows')?[variables('Value')],'\"/>\r\n                        </xs:restriction>\r\n                    </ids:value>\r\n                </ids:property>\r\n            </ids:requirements>')"}}}},"Material":{"case":"Material","actions":{"Append_Material":{"type":"AppendToStringVariable","inputs":{"name":"XML String","value":"@concat('\r\n','         <ids:requirements>\r\n','             <ids:material>\r\n                    <ids:value>\r\n                        <xs:restriction base=\"xs:string\">\r\n                            <xs:pattern value=\"',items('Loop_over_filtered_rows')?[variables('Value')],'\"/>\r\n                        </xs:restriction>\r\n                    </ids:value>\r\n                </ids:material>\r\n            </ids:requirements>')"}}}}},"default":{"actions":{}},"expression":"@items('Loop_over_unique_groupings')","metadata":{"operationMetadataId":"a26bf1bb-35ab-4637-ab34-5d90846777c8"},"type":"Switch"},"Condition":{"actions":{"Append_applicability_with_name":{"type":"AppendToStringVariable","inputs":{"name":"XML String","value":"@concat('\r\n','     <ids:specification ifcVersion=\"',items('Loop_over_filtered_rows')?[variables('ifcVersion')],'\" name=\"',items('Loop_over_filtered_rows')?[variables('Specification Name')],'\" identification=\"',items('Loop_over_filtered_rows')?[variables('Identification')],'\" description=\"',items('Loop_over_filtered_rows')?[variables('Specification Description')],'\" instructions=\"',items('Loop_over_filtered_rows')?[variables('Instructions')],'\">\r\n            <ids:applicability minOccurs=\"',items('Loop_over_filtered_rows')?[variables('minOccurs')],'\" maxOccurs=\"',items('Loop_over_filtered_rows')?[variables('maxOccurs')],'\">\r\n                <ids:entity>\r\n                    <ids:name>\r\n                        <ids:simpleValue>',toUpper(items('Loop_Over_IFC_Element_Types')),'</ids:simpleValue>\r\n                    </ids:name>\r\n                </ids:entity>\r\n            </ids:applicability>')"}}},"else":{"actions":{"Append_applicability_with_name_and_predefined_type":{"type":"AppendToStringVariable","inputs":{"name":"XML String","value":"@concat('\r\n','     <ids:specification ifcVersion=\"',items('Loop_over_filtered_rows')?[variables('ifcVersion')],'\" name=\"',items('Loop_over_filtered_rows')?[variables('Specification Name')],'\" identification=\"',items('Loop_over_filtered_rows')?[variables('Identification')],'\" description=\"',items('Loop_over_filtered_rows')?[variables('Specification Description')],'\" instructions=\"',items('Loop_over_filtered_rows')?[variables('Instructions')],'\">\r\n            <ids:applicability minOccurs=\"',items('Loop_over_filtered_rows')?[variables('minOccurs')],'\" maxOccurs=\"',items('Loop_over_filtered_rows')?[variables('maxOccurs')],'\">\r\n                <ids:entity>\r\n                    <ids:name>\r\n                        <ids:simpleValue>',toUpper(items('Loop_Over_IFC_Element_Types')),'</ids:simpleValue>\r\n                    </ids:name>\r\n                    <ids:predefinedType>\r\n                        <ids:simpleValue>',toUpper(items('Loop_over_unique_Predefined_Types')),'</ids:simpleValue>\r\n                    </ids:predefinedType>\r\n                </ids:entity>\r\n            </ids:applicability>')"}}}},"expression":{"and":[{"equals":["@items('Loop_over_unique_Predefined_Types')","n/a"]}]},"type":"If"},"Append_requirements_closing_tag":{"runAfter":{"Check_type":["Succeeded"]},"metadata":{"operationMetadataId":"e7e35088-e5ab-4caa-954f-36ff12ed2c73"},"type":"AppendToStringVariable","inputs":{"name":"XML String","value":"\n\t</ids:specification>"}}},"runAfter":{"Filter_by_Facet_Type":["Succeeded"]},"metadata":{"operationMetadataId":"51f08aee-2376-4875-b87f-ed4e3694229d"},"type":"Foreach"}},"runAfter":{"Get_Unique_List_of_Facet_Types_under_Predefined_Type":["Succeeded"]},"metadata":{"operationMetadataId":"036b9b89-6995-43fd-a786-8fbe68f1d809"},"type":"Foreach"}},"runAfter":{"Get_list_of_unique_Predefined_Types":["Succeeded"]},"metadata":{"operationMetadataId":"0ec4d364-98a7-4092-bda9-c17e25ea1876"},"type":"Foreach"}},"runAfter":{"Initialize_XML_String":["Succeeded"]},"metadata":{"operationMetadataId":"a88e8295-b460-496b-9d48-eada6409049c"},"type":"Foreach"},"Initialize_XML_String":{"runAfter":{"Get_List_of_Unique_IFC_Class":["Succeeded"]},"metadata":{"operationMetadataId":"4ba8524e-0cb9-47e2-a977-19f3b0e4d127"},"type":"InitializeVariable","inputs":{"variables":[{"name":"XML String","type":"string","value":"<?xml version=\"1.0\" encoding=\"utf-8\"?>\n<ids:ids xmlns:ids=\"http://standards.buildingsmart.org/IDS\" xmlns:xs=\"http://www.w3.org/2001/XMLSchema\" xmlns:xsi=\"http://www.w3.org/2001/XMLSchema-instance\" xsi:schemaLocation=\"http://standards.buildingsmart.org/IDS http://standards.buildingsmart.org/IDS/1.0/ids.xsd\">\n\t<ids:info>\n\t\t<ids:title>TITLE</ids:title>\n\t\t<ids:copyright>COPYRIGHT</ids:copyright>\n\t\t<ids:version>VERSION</ids:version>\n\t\t<ids:author>AUTHOR</ids:author>\n\t\t<ids:date>DATE</ids:date>\n\t\t<ids:description>File created to test IDS export from Morta.io.</ids:description>\n\t\t<ids:purpose>DESCRIPTION</ids:purpose>\n\t\t<ids:milestone>STAGE</ids:milestone>\n\t</ids:info>\n\t<ids:specifications>"}]}},"Append_Closing_tags_to_XML_String":{"runAfter":{"Loop_Over_IFC_Element_Types":["Succeeded"]},"metadata":{"operationMetadataId":"fdb1f407-5ea3-49cf-bbb4-296bf9e4a832"},"type":"AppendToStringVariable","inputs":{"name":"XML String","value":"\n\t</ids:specifications>\n</ids:ids>"}},"Create_file":{"runAfter":{"Append_Closing_tags_to_XML_String":["Succeeded"]},"metadata":{"operationMetadataId":"eebf9a2f-26ef-4eab-82c0-4073ec560dac"},"type":"OpenApiConnection","inputs":{"parameters":{"dataset":"https://mortatechnologyltd.sharepoint.com/sites/MySite","folderPath":"/Shared Documents/IDS Exports","name":"Export.ids","body":"@variables('XML String')"},"host":{"apiId":"/providers/Microsoft.PowerApps/apis/shared_sharepointonline","connectionName":"shared_sharepointonline-1","operationId":"CreateFile"},"authentication":{"value":"@json(decodeBase64(triggerOutputs().headers['X-MS-APIM-Tokens']))['$ConnectionKey']","type":"Raw"}},"runtimeConfiguration":{"contentTransfer":{"transferMode":"Chunked"}}},"Initialize_Property_Set":{"runAfter":{"Initialize_Name":["Succeeded"]},"metadata":{"operationMetadataId":"53d14686-9264-476f-bbd8-b4c45c662c83"},"type":"InitializeVariable","inputs":{"variables":[{"name":"Property Set","type":"string","value":"Property Set"}]}},"Initialize_Value":{"runAfter":{"Initialize_Property_Set":["Succeeded"]},"metadata":{"operationMetadataId":"f65bd65a-3d3c-4976-8ce4-0f5eb1a99b85"},"type":"InitializeVariable","inputs":{"variables":[{"name":"Value","type":"string","value":"Value"}]}},"Initialize_System":{"runAfter":{"Initialize_Value":["Succeeded"]},"metadata":{"operationMetadataId":"9d75b74a-1ac0-445d-80bf-75dbd07b27d5"},"type":"InitializeVariable","inputs":{"variables":[{"name":"System","type":"string","value":"System"}]}},"Initialize_Data_Type":{"runAfter":{"Initialize_System":["Succeeded"]},"metadata":{"operationMetadataId":"bda09e31-db12-4dfa-af8c-7b854a1ec4be"},"type":"InitializeVariable","inputs":{"variables":[{"name":"Data Type","type":"string","value":"Data Type"}]}},"Initialize_Predefined_Type":{"runAfter":{"Initialize_IFC_Class":["Succeeded"]},"metadata":{"operationMetadataId":"668ef4ee-9665-48a1-b52e-ba6bca7b439c"},"type":"InitializeVariable","inputs":{"variables":[{"name":"Predefined Type","type":"string","value":"Predefined Type"}]}},"Initialize_Morta_Table_ID":{"runAfter":{},"type":"InitializeVariable","inputs":{"variables":[{"name":"Table ID","type":"string"}]}},"Initialize_Specification_Name":{"runAfter":{"Initialize_Data_Type":["Succeeded"]},"type":"InitializeVariable","inputs":{"variables":[{"name":"Specification Name","type":"string","value":"Specification Name"}]}},"Initialize_minOccurs":{"runAfter":{"Initialize_Specification_Instructions":["Succeeded"]},"type":"InitializeVariable","inputs":{"variables":[{"name":"minOccurs","type":"string","value":"minOccurs"}]}},"Initialize_maxOccurs":{"runAfter":{"Initialize_minOccurs":["Succeeded"]},"type":"InitializeVariable","inputs":{"variables":[{"name":"maxOccurs","type":"string","value":"maxOccurs"}]}},"Initialize_ifcVersion":{"runAfter":{"Initialize_maxOccurs":["Succeeded"]},"type":"InitializeVariable","inputs":{"variables":[{"name":"ifcVersion","type":"string","value":"ifcVersion"}]}},"Initialize_Specification_Description":{"runAfter":{"Initialize_Specification_Name":["Succeeded"]},"type":"InitializeVariable","inputs":{"variables":[{"name":"Specification Description","type":"string","value":"Specification Description"}]}},"Initialize_Specification_Identification":{"runAfter":{"Initialize_Specification_Description":["Succeeded"]},"type":"InitializeVariable","inputs":{"variables":[{"name":"Identification","type":"string","value":"Identification"}]}},"Initialize_Specification_Instructions":{"runAfter":{"Initialize_Specification_Identification":["Succeeded"]},"type":"InitializeVariable","inputs":{"variables":[{"name":"Instructions","type":"string","value":"Instructions"}]}}}},"connectionReferences":{"shared_morta-2":{"connectionName":"shared-morta-d09ef5c4-1425-4c01-8ed6-a99a2b95f1e7","source":"Invoker","id":"/providers/Microsoft.PowerApps/apis/shared_morta","tier":"NotSpecified"},"shared_sharepointonline-1":{"connectionName":"shared-sharepointonl-1ee252a1-2c21-4791-a9c9-7b29242339c6","source":"Invoker","id":"/providers/Microsoft.PowerApps/apis/shared_sharepointonline","tier":"NotSpecified"}},"flowFailureAlertSubscribed":false,"isManaged":false}}